{"cameraMode":{"drawMode":0,"name":"Shaded","section":"Shading Mode"},"sceneLighting":true,"audioPlay":false,"sceneViewState":{"showFog":true,"showMaterialUpdate":false,"showSkybox":true,"showFlares":true,"showImageEffects":true,"showParticleSystems":true},"in2DMode":false,"pivot":{"x":-4.7851481437683109,"y":-1.0117672681808472,"z":-13.190361022949219},"rotation":{"x":-0.009316988289356232,"y":0.9906547665596008,"z":-0.10020777583122254,"w":-0.09209644049406052},"size":9.778664588928223,"orthographic":false}